Feature,Associated weight
CREB,-0.6811020886103089
p38,-0.023353813432245983
NFkB,-0.412681790719233
Frequency,0.44829270337058263
