Feature,Associated weight
CREB,-0.6776924926743286
p38,-0.02107342488822169
NFkB,-0.4121580151681345
Frequency,0.44495640948315246
