Feature,Associated weight
CREB,-0.9570689139963828
NFkB,-0.4947217801786833
Frequency,0.6717429408088642
