Feature,Associated weight
CREB,-0.04753767643731696
STAT3,0.006338188999168392
S6,0.7680620125589273
