Feature,Associated weight
CREB,-0.10228949578767026
STAT3,0.04574925985268406
S6,0.810792522838004
Frequency,-0.012697759439869139
