Feature,Associated weight
CREB,-1.0299146614227543
STAT3,0.5175007539588656
S6,1.9564361692195549
