Feature,Associated weight
CREB,-0.08403714886060057
S6,0.4732941206404169
MAPKAPK2,-0.0728579489946793
Frequency,-0.15908248282459972
