Feature,Associated weight
CREB,-0.08831476277900054
S6,0.699376858783548
MAPKAPK2,-0.11039003264571673
Frequency,-0.10106500475975616
