Feature,Associated weight
CREB,-0.10588872529276167
S6,0.7405348126426529
MAPKAPK2,-0.1335429865838364
Frequency,-0.10697335972931937
