Feature,Associated weight
CREB,-0.47755047673038564
STAT3,-1.048302858785008
S6,1.2957513483974774
IkB,0.7885392077157185
NFkB,2.1995350684852566
MAPKAPK2,-2.6536472983775434
Frequency,-1.0489571223290028
