Feature,Associated weight
CREB,-0.34615414107689263
STAT3,-0.6843485276923156
S6,1.561967939297522
IkB,0.48812780746609563
MAPKAPK2,-0.6849024101129544
Frequency,-0.3546534259073032
