Feature,Associated weight
STAT3,-0.7226609724849118
CREB,-0.7364197261954721
MAPKAPK2,0.5730630731201297
