Feature,Associated weight
p38,-2.1252307621054696
STAT3,-0.9775298659348455
IkB,-0.16097803790269977
NFkB,0.501209045467607
CREB,-0.272235101002783
MAPKAPK2,1.3345225392003928
