Feature,Associated weight
STAT6,0.4047019379585149
MAPKAPK2,-0.7988630958531421
STAT5,0.6054616934274919
IkB,-1.1449822927951472
