Feature,Associated weight
MAPKAPK2,1.063570116318861
NFkB,-1.2386481162722007
CREB,-0.9324637017935331
Frequency,0.4338430439534596
