Feature,Associated weight
MAPKAPK2,0.6906803905538559
NFkB,-1.4103200849340944
