,Spearman corr,pvalue
S6,0.4855815829335072,0.02997228625973506
IkB,0.2948173896382008,0.20700547241122197
ERK,-0.260132990857236,0.268013467258769
MAPKAPK2,-0.2427907914667536,0.3023454554274212
CREB,-0.17342199390482396,0.4646587776970642
NFkB,-0.17342199390482396,0.4646587776970642
STAT5,-0.10405319634289441,0.6624265026477676
STAT6,-0.10405319634289441,0.6624265026477676
p38,-0.06837634587578277,0.7745458261930653
STAT3,-0.0173421993904824,0.9421499835467455
Frequency,0.0,1.0
STAT1,,
