Feature,Associated weight
CREB,-0.4401980879114771
NFkB,-0.557921288798297
