Feature,Associated weight
CREB,0.6325375355469887
STAT5,-0.2894162018930023
STAT3,-0.88401743748877
IkB,2.1698838129002396
NFkB,-0.41122726232949325
MAPKAPK2,-1.864756867648804
Frequency,-0.04157018287443401
