Feature,Associated weight
CREB,0.1941142068071294
STAT5,0.0248216925521545
STAT3,-1.0152793886770188
NFkB,0.2205235393409482
Frequency,-0.21939229211804853
