,Spearman corr,pvalue
Frequency,0.4682393835430248,0.0373249528982674
STAT3,-0.38746595996276906,0.09142992220710675
STAT5,-0.3121595890286832,0.18027688594970007
S6,0.3121595890286832,0.18027688594970007
p38,-0.22941573387056172,0.3305649312781844
IkB,-0.20810639268578882,0.3786152471949078
NFkB,-0.0693687975619296,0.7713562200019073
MAPKAPK2,0.052026598171447204,0.827557337051562
CREB,-0.0173421993904824,0.9421499835467455
STAT6,0.0173421993904824,0.9421499835467455
ERK,0.0,1.0
STAT1,,
