Feature,Associated weight
CREB,-5.8236311779572425
STAT3,-0.3959715790377114
S6,2.9227387508506717
IkB,1.0921331269540033
