,Spearman corr,pvalue
ERK,0.36418618720013046,0.1144293688420575
MAPKAPK2,-0.3468439878096479,0.13407612120334217
p38,-0.316227766016838,0.17436348839887034
NFkB,-0.22544859207627121,0.3392245168854384
STAT5,-0.10405319634289441,0.6624265026477676
S6,0.10405319634289441,0.6624265026477676
IkB,-0.0693687975619296,0.7713562200019073
STAT6,0.0693687975619296,0.7713562200019073
Frequency,0.052026598171447204,0.827557337051562
STAT3,-0.01771924779845835,0.9408943101791252
CREB,0.0,1.0
STAT1,,
