omic,importance
Proteomics,0.9919716408331087
CYTOF,0.00802835916689131
