Feature,Associated weight
Frequency,1.9526131114143102
CREB,2.4293906148210334
p38,-0.05413038796859637
STAT3,0.3122454166244729
S6,3.939460614409291
IkB,1.1622210861840214
NFkB,-4.400723380700385
ERK,-1.7169668346667832
MAPKAPK2,-1.9384742433249482
