Feature,Associated weight
Frequency,5.002241027671074
CREB,8.237382186239437
p38,-1.1440596309744953
STAT3,2.711620635296432
S6,10.770859846251305
IkB,4.939606544545494
NFkB,-14.935264158123132
ERK,-8.547231793219202
MAPKAPK2,-3.1876916080414555
