Feature,Associated weight
S6,2.270701924463467
NFkB,-1.5171227871660882
