Feature,Associated weight
CREB,-0.3426379603163609
STAT3,-0.273620577220319
