Feature,Associated weight
STAT5,-0.22222952825503717
Frequency,-0.6710282335319948
