Feature,Associated weight
STAT5,-0.5223755484075686
STAT3,-0.325402640853585
IkB,0.7022299540213003
NFkB,-0.05689789997894066
Frequency,-1.0635092991091664
