Feature,Associated weight
CREB,0.12076401245870438
STAT5,-0.3276840840426505
STAT3,-0.5671379646628489
IkB,0.7406230031197738
NFkB,-1.0449126899471468
Frequency,-0.1862219088974201
