Feature,Associated weight
NFkB,-1.0358789559835246
ERK,-1.1139135276805747
STAT6,0.9693016041036709
CREB,-0.6730530983293723
STAT5,-1.1559793610974352
STAT3,-1.4839430563481346
S6,0.8648770380928467
IkB,0.4239025482483515
