Feature,Associated weight
NFkB,0.1471498228572493
ERK,-4.936551281773613
STAT6,0.6376482830564503
MAPKAPK2,-7.415823801793476
CREB,-4.857185905893429
STAT5,-1.7146132839531831
p38,10.928961964450934
STAT3,-0.8901210714629694
S6,0.8973550190510526
IkB,3.0836595015604376
