Feature,Associated weight
CREB,0.30279445538183436
STAT6,0.752485979093081
