Feature,Associated weight
CREB,0.9202073278812989
STAT5,-0.2553718060704995
NFkB,-1.03821465377945
STAT6,1.4656863611959736
Frequency,-7.019037259520141
