Feature,Associated weight
CREB,0.588776878463773
p38,0.34555119593275974
NFkB,-0.31158868408434537
Frequency,0.8382983913704639
