Feature,Associated weight
CREB,0.5194171295072426
p38,0.17616519796152116
NFkB,-0.10594018034604498
Frequency,0.8524194607466844
