Feature,Associated weight
CREB,1.600160418007771
IkB,1.1778486335036702
NFkB,-1.6974308537892941
MAPKAPK2,-0.46132940652171195
Frequency,1.1049304607170376
