Feature,Associated weight
CREB,0.7928193268129186
MAPKAPK2,-0.021138824801986512
Frequency,1.1808819011115472
