Feature,Associated weight
unstim_CD4Trm_Frequency,1.403651997390479
IL246_Granulocytes_154Sm_STAT3,1.247251233410534
WWOX,2.2780759337786995
IL1B,2.6840157789141807
