Feature,Associated weight
STAT5,-0.18458947809294915
IkB,-2.267633586234037
NFkB,1.8336158753381953
STAT6,0.2593112544603104
Frequency,-0.40820259260112074
