Feature,Associated weight
S6,2.735442462293195
Frequency,1.834728410208903
