Feature,Associated weight
CREB,1.749050980333951
STAT3,0.5159915955663583
S6,4.511751680696461
IkB,0.8966540435776442
NFkB,-5.425865937526636
Frequency,4.681419887602788
