Feature,Associated weight
CREB,-1.3491164606459582
IkB,-3.779103703278486
MAPKAPK2,1.3178442754729356
Frequency,1.7605565787441535
