Feature,Associated weight
CREB,-1.453654070988379
Frequency,1.7689988122800022
