Feature,Associated weight
CREB,-1.878873035918174
IkB,-6.050807190437962
Frequency,2.436213148412367
