Feature,Associated weight
CREB,-1.079269352508069
p38,-0.13801709260654393
Frequency,1.1970944082860064
