Feature,Associated weight
CREB,-0.4246592436887518
Frequency,0.3041116157824201
