Feature,Associated weight
CREB,-0.4330972808955198
Frequency,0.31201273608326147
