Feature,Associated weight
CREB,-0.2314043513498091
NFkB,0.7718669720987431
MAPKAPK2,-0.48829766265822405
Frequency,0.0987294354915817
