Feature,Associated weight
S6,4.3332840813180065
p38,6.198265822183432
STAT3,7.2047218563976285
IkB,4.027876368152954
NFkB,-7.112158525580829
CREB,-1.4750428922090566
MAPKAPK2,-3.5279238059128137
Frequency,-0.5528646067229354
