Feature,Associated weight
S6,3.9317033737741305
p38,7.394428391257202
STAT3,7.170071790994296
IkB,3.147645496746265
NFkB,-7.762470505749008
CREB,-0.34365950748846524
MAPKAPK2,-4.42822624233139
Frequency,-0.12060129870862109
