Feature,Associated weight
Frequency,1.3000954818223946
CREB,-0.9491288370602605
STAT3,-0.5354723875907603
S6,2.0874073507415067
IkB,-0.11090291319305062
