Feature,Associated weight
CREB,-1.2311410352743852
STAT3,-1.0797965212191898
NFkB,2.1174251784533227
STAT6,-0.8641534960887421
MAPKAPK2,-0.881499155633286
Frequency,1.7954620764959552
