Feature,Associated weight
S6,3.922674334309522
p38,7.3728088143233
STAT3,7.1500210579852155
IkB,3.1462098135191625
NFkB,-7.754794500359098
CREB,-0.3361772836531041
MAPKAPK2,-4.411588764605306
Frequency,-0.1232217699109002
