Feature,Associated weight
S6,2.4595658056733867
STAT3,3.3902619302042845
IkB,3.573318573561747
MAPKAPK2,-4.138307884479009
Frequency,-0.8323355835479983
