Feature,Associated weight
CREB,-1.345171077896659
IkB,-3.7580986913399164
MAPKAPK2,1.308525291973156
Frequency,1.7565988380188995
