Feature,Associated weight
CREB,-2.1406035214350503
IkB,-7.901167161117261
MAPKAPK2,3.50716955080408
Frequency,2.546869848486966
