Feature,Associated weight
CREB,-1.1157115610894819
NFkB,-0.29721628460422694
MAPKAPK2,-0.22270763169756466
Frequency,0.8463890788090351
