Feature,Associated weight
CREB,-0.4138762796789014
STAT3,-0.3047571697125737
