Feature,Associated weight
CREB,-0.975809810327425
STAT3,-0.7023995777071551
Frequency,0.1172178315596829
