Feature,Associated weight
CREB,-0.3284591691618829
STAT5,-0.14241296047436217
STAT3,-0.5207702761892846
IkB,1.4746963858432365
NFkB,-0.8942790739565484
Frequency,1.079880969480002
