Feature,Associated weight
CREB,-0.4811753830521019
STAT3,-1.1157421646060968
S6,1.30740833676811
IkB,-0.09130127565643714
Frequency,0.5507180594038691
