Feature,Associated weight
CREB,-0.1491962778777502
Frequency,0.5611137672096295
