Feature,Associated weight
CREB,-0.7810863113857689
STAT3,-1.8044364327437004
S6,2.0117438040320317
Frequency,0.6820364121379695
