Feature,Associated weight
NFkB,1.4400508414174742
Frequency,-2.801111684742533
STAT3,0.4874899838176092
