Feature,Associated weight
CREB,0.10617926044586014
STAT3,-0.12463039896442264
IkB,-0.5527407136298529
NFkB,-0.5906198763209115
STAT6,0.5588037585089163
Frequency,-0.1645428935537068
