Feature,Associated weight
CREB,-0.2666642009189516
S6,1.113316812095019
NFkB,-0.18119104980751827
Frequency,0.5781185520117244
