Feature,Associated weight
CREB,-16.653099334171696
STAT3,2.910961206023381
S6,10.736949854884571
IkB,16.53821185029785
NFkB,-21.990950643922076
MAPKAPK2,13.308400354447473
Frequency,2.843279080417312
