Feature,Associated weight
CREB,-16.495051557005723
STAT3,2.928084704100472
S6,10.74905421076491
IkB,16.610479891467246
NFkB,-22.192041122658377
MAPKAPK2,13.263871879375982
Frequency,2.8405948468547435
