Feature,Associated weight
CREB,-2.1424750956621432
STAT3,-0.4322374700147744
S6,4.5604681407653125
NFkB,-1.7079035985507018
Frequency,2.2370906196070734
