Feature,Associated weight
CREB,-1.8305805204375496
S6,2.905704519392141
