Feature,Associated weight
CREB,0.0440872123852515
STAT5,-0.12154709525128124
STAT3,-0.43170181940349395
NFkB,0.4246410365083109
ERK,-0.1058853126543984
STAT6,-1.0551859647709008
MAPKAPK2,-0.4715462107980995
