Feature,Associated weight
CREB,3.1332690604530087
STAT5,1.1638469658082131
p38,-2.166246447921843
STAT3,0.8834362556669428
IkB,-3.249269434082142
NFkB,2.5069253570642243
ERK,0.3833642218483143
STAT6,-3.1399027955699954
MAPKAPK2,1.7730192381726078
