Feature,Associated weight
S6,0.1144256546444093
Frequency,0.20575207648165547
