Feature,Associated weight
S6,0.04642551983146842
Frequency,0.3178054924314244
