Feature,Associated weight
CREB,-1.5817125366965006
STAT3,0.7186568961529246
S6,0.6046410463996807
IkB,1.4798991654171436
NFkB,-0.6126597532368246
Frequency,2.9174357454107867
