Feature,Associated weight
S6,0.8276856822570993
NFkB,-0.03942560732352458
Frequency,0.6037720655982322
