Feature,Associated weight
CREB,-3.844232734372983
STAT3,-75.88851323885605
S6,113.55709316220114
NFkB,-55.932061569834936
Frequency,122.08646863470715
