Feature,Associated weight
S6,3.307461685991823
Frequency,1.802192161398143
