Feature,Associated weight
STAT5,-0.22255129383903915
Frequency,-0.22960416375248377
