Feature,Associated weight
STAT5,-0.4332798581277739
Frequency,-0.41596094987031523
