Feature,Associated weight
STAT5,-0.44835603318660167
Frequency,-0.4280053624062137
