Feature,Associated weight
STAT5,-0.5920822151227633
STAT3,-0.24637713871441091
IkB,0.39030745861241284
NFkB,0.0682818975975685
ERK,0.2791267894320293
Frequency,-0.9341762483364077
