Feature,Associated weight
Frequency,0.14637898867940294
S6,1.9377605061293361
NFkB,-0.36380919516370175
