,Spearman corr,pvalue
p38,-0.40754269936454207,0.07448955299551958
Frequency,0.3988705859810952,0.08149251949014447
STAT6,-0.3190896140869863,0.1702837493785047
NFkB,0.2427907914667536,0.3023454554274212
ERK,0.22847488308514838,0.3326067169335175
IkB,-0.20810639268578882,0.3786152471949078
MAPKAPK2,0.08671099695241198,0.7162313833164182
CREB,-0.0693687975619296,0.7713562200019073
STAT3,-0.0693687975619296,0.7713562200019073
STAT5,0.0346843987809648,0.8845776882078991
S6,0.0,1.0
STAT1,,
