Feature,Associated weight
CREB,-0.6199746415080255
S6,1.902664786248164
IkB,-0.1744272415576684
Frequency,0.42569587115149493
