Feature,Associated weight
CREB,-0.9618373124618164
STAT5,0.561528178231834
STAT3,-0.7697106882788994
Frequency,1.1142038745540281
