Feature,Associated weight
CREB,-0.2909260865452674
STAT5,0.13964621598641963
MAPKAPK2,0.3122051733764142
STAT3,-0.7325607035892173
IkB,-1.371414456541249
Frequency,1.2836639731024178
