Feature,Associated weight
CREB,-0.20850851553788427
NFkB,-0.04768418567644107
ERK,-0.030065134046836278
Frequency,-0.5148348689319753
