Feature,Associated weight
STAT3,-0.6441684540687742
NFkB,0.1272738640961594
Frequency,-0.4044904920470064
