Feature,Associated weight
STAT3,-0.6049080657980009
Frequency,-0.32774272198659077
