Feature,Associated weight
CREB,-26.380710150518198
p38,24.054254332977692
STAT3,6.89037692002845
S6,6.584792612722758
IkB,21.245426986683587
NFkB,-44.8929844587962
ERK,-0.5473290894154088
MAPKAPK2,2.1224610122586074
Frequency,-6.797361288056358
