Feature,Associated weight
STAT5,-1.053823386959354
STAT3,-0.8345533474566335
S6,2.593230741015996
IkB,1.261775930379567
NFkB,-0.3152609548757391
ERK,-2.1980499038089825
STAT6,3.0441199827737857
