Feature,Associated weight
CREB,-0.11206499936425061
STAT3,-0.3556915837580132
