Feature,Associated weight
CREB,-1.6249258524169594
STAT3,-2.4864441313565275
S6,0.7111197531702985
IkB,2.2291562557817284
NFkB,-0.8982839959469925
