Feature,Associated weight
Frequency,2.142415918658439
S6,4.29405173770556
NFkB,-2.856975015366982
