Feature,Associated weight
CREB,-0.19841479397797449
STAT3,-0.4037750859390333
S6,1.0722731172836057
IkB,0.31164442141176774
Frequency,0.7984932140942688
