Feature,Associated weight
CREB,1.0230327039004863
IkB,-0.6031439147063182
NFkB,-2.53576538024041
STAT6,2.263942239630384
Frequency,9.478779911469442
