Feature,Associated weight
CREB,0.9793494803166405
IkB,-0.587017928655089
NFkB,-2.3721758683845295
STAT6,2.108712482387537
Frequency,9.139696828412523
