Feature,Associated weight
CREB,1.1930105496839096
IkB,-0.5343813515194169
NFkB,-3.1053172845964623
STAT6,2.666385140410548
Frequency,11.49555132306388
