Feature,Associated weight
S6,2.374618088793123
Frequency,1.0352272989972777
