Feature,Associated weight
CREB,0.5177949244670501
STAT5,0.5528836599379582
STAT3,0.4501931995159499
S6,1.5533457717781443
IkB,-1.5164493989121843
NFkB,0.4881312587258692
ERK,-0.6814709157643368
STAT6,0.6552752018738223
