,Spearman corr,pvalue
MAPKAPK2,-0.3815283865906128,0.09694244809397427
S6,0.3468439878096479,0.13407612120334217
NFkB,-0.3295017884191656,0.1559933352870714
CREB,-0.2774751902477184,0.2362383786543498
STAT5,-0.2774751902477184,0.2362383786543498
p38,-0.2108590488016544,0.3721974356474468
STAT3,-0.15947323018612514,0.5018494078817248
ERK,-0.10405319634289441,0.6624265026477676
IkB,0.0173421993904824,0.9421499835467455
STAT6,0.0,1.0
Frequency,0.0,1.0
STAT1,,
