Feature,Associated weight
CREB,0.5388939494006942
p38,0.19994070862869515
NFkB,-0.14144124529914376
Frequency,0.8609312897978794
