Feature,Associated weight
CREB,1.4912521910931738
NFkB,-0.902328976714644
MAPKAPK2,0.02414292082832383
Frequency,1.1601683588188803
