Feature,Associated weight
STAT3,-0.37694467218114647
NFkB,0.32379138187784573
MAPKAPK2,0.30475235574553877
Frequency,-0.3933992876596013
