Feature,Associated weight
CREB,-1.166671015973258
IkB,-2.3925685235913714
MAPKAPK2,0.8523785035627082
Frequency,1.546102398172684
