Feature,Associated weight
STAT3,-0.011390497099594775
Frequency,0.1349982887062558
