Feature,Associated weight
CREB,0.9797417399470538
IkB,-0.5868926459612266
NFkB,-2.3735820842958586
STAT6,2.1097483844609255
Frequency,9.143812048257036
