Feature,Associated weight
CREB,0.3008341840856928
p38,5.640069564572593
NFkB,1.1556158462838262
MAPKAPK2,-5.894579335347285
Frequency,0.49756480157147026
