Feature,Associated weight
STAT5,-0.5502771585021637
IkB,1.7870195636922663
NFkB,-1.428025703127795
Frequency,-0.34820144186152646
