,Spearman corr,pvalue
S6,0.4855815829335072,0.02997228625973506
STAT3,0.260132990857236,0.268013467258769
MAPKAPK2,-0.20810639268578882,0.3786152471949078
IkB,0.17342199390482396,0.4646587776970642
Frequency,-0.1387375951238592,0.5596674186533706
NFkB,0.08671099695241198,0.7162313833164182
CREB,0.0173421993904824,0.9421499835467455
STAT5,-0.0173421993904824,0.9421499835467455
ERK,0.0173421993904824,0.9421499835467455
STAT6,0.0173421993904824,0.9421499835467455
p38,0.0,1.0
STAT1,,
