Feature,Associated weight
STAT6,2.117790371157131
MAPKAPK2,0.4048102001361523
IkB,0.0006040438612050762
NFkB,-3.2312540325358854
p38,2.0206857228547648
CREB,-0.37772364086029797
Frequency,2.813999510966145
