Feature,Associated weight
MAPKAPK2,-0.21601802520163138
S6,0.06223938186909019
Frequency,-0.5031148750250455
