Feature,Associated weight
MAPKAPK2,-0.27927762360413644
S6,0.10557701682032646
Frequency,-0.5513156334940378
