Feature,Associated weight
MAPKAPK2,-4.719978867298881
STAT3,-9.475555371982175
S6,3.6214021067732824
IkB,8.14188908963023
Frequency,-4.434348042353127
