Feature,Associated weight
p38,0.04785289751625641
STAT6,0.06483489301066643
