Feature,Associated weight
p38,0.09631082682659942
STAT6,0.12154202941752475
