Feature,Associated weight
STAT5,-0.6241731760786496
STAT3,-0.036333793920583335
NFkB,-0.14437167549562305
ERK,-0.138320588742929
STAT6,1.109191236006957
MAPKAPK2,0.5646298264465291
Frequency,-0.5536047010258313
