Feature,Associated weight
Frequency,0.1501472949632938
CREB,0.07269002683942094
S6,-0.10023465778515535
NFkB,-0.4635794586541224
