Feature,Associated weight
S6,1.2462256395353408
MAPKAPK2,-0.6030220887318296
