Feature,Associated weight
CREB,-0.12043596732852299
STAT5,-0.48139237152754055
STAT3,-0.10065499179622883
IkB,1.7070458198543033
NFkB,-1.2931750173826708
Frequency,-0.3937709398571354
