Feature,Associated weight
p38,1.7065534573705348
NFkB,-1.588150539194641
MAPKAPK2,0.6522612949306476
Frequency,-1.4507372378410162
