Feature,Associated weight
p38,1.7103503012038868
NFkB,-1.5922402776588702
MAPKAPK2,0.6542906654977139
Frequency,-1.4526580180409696
