Feature,Associated weight
CREB,0.1357979394959703
p38,5.881278012800126
IkB,-1.6815007965962963
NFkB,-2.0016930248048523
MAPKAPK2,1.1348700630711765
Frequency,-1.8088709278652964
