Feature,Associated weight
Frequency,0.15691097238133553
S6,-0.0425964269473893
NFkB,-0.4445932781052666
