Feature,Associated weight
CREB,-0.7423737482288081
NFkB,0.12724707040992905
Frequency,0.5854540176180244
