Feature,Associated weight
CREB,5.942694677358408
STAT3,6.7860844818707236
S6,5.897178223778589
NFkB,-14.805239266747396
ERK,-4.5764607434966225
STAT6,6.577445796169888
