Feature,Associated weight
CREB,76.67174708988806
STAT3,182.02150303579626
S6,234.90453783809534
NFkB,-696.8571348874004
ERK,39.11925922476797
STAT6,289.5270819413491
MAPKAPK2,167.83308491728027
