Feature,Associated weight
CREB,-0.033299007908118156
NFkB,0.08682895190691642
Frequency,0.029935479087358476
