Feature,Associated weight
S6,0.39465912532260317
IkB,-0.330171592533181
Frequency,0.201734261196381
