Feature,Associated weight
CREB,-0.1875554040946538
STAT3,-0.40191712596052315
S6,-0.3847685412449225
IkB,-1.1496221730288791
Frequency,2.860437585625192
