Feature,Associated weight
CREB,-0.12414160823734169
STAT3,0.3204851128001812
S6,0.7990372550491076
IkB,-0.24959294168792906
Frequency,0.16483244165106634
