Feature,Associated weight
STAT3,0.9883216205281392
S6,1.9613190263598939
