Feature,Associated weight
CREB,-0.5206282212802179
STAT3,0.8139572665141659
S6,1.6529958162059146
IkB,-0.15629819859625957
Frequency,0.32198041387504783
