Feature,Associated weight
CREB,0.11496171913826964
MAPKAPK2,-1.683665929365784
