Feature,Associated weight
CREB,1.1597882887477615
p38,0.9049832106397768
S6,-1.532766462576867
MAPKAPK2,-2.586609092585982
