Feature,Associated weight
CREB,-0.5190871406768094
STAT3,-0.8187225467143663
S6,0.1255562819449282
IkB,-0.3781145948880321
Frequency,1.0363981021496265
