Feature,Associated weight
CREB,-0.512240534611098
Frequency,0.8537243770314663
