Feature,Associated weight
STAT3,-0.798418374126286
S6,1.1158344309093449
IkB,0.980256791934007
MAPKAPK2,-0.18398763012070465
CREB,-0.16747433552241053
