Feature,Associated weight
STAT3,-0.7930604493143812
S6,1.301943931120198
IkB,1.1032479305217513
CREB,-0.13251068675068925
