Feature,Associated weight
S6,1.9726013425398483
IkB,1.2720507743284792
