Feature,Associated weight
p38,1.7272607159609623
MAPKAPK2,-1.4201672107627132
