Feature,Associated weight
p38,1.6615389058551149
MAPKAPK2,-1.3550221124904938
