Feature,Associated weight
Frequency,-0.5908576910861323
CREB,-0.5429260360894375
NFkB,-0.08181444786192388
