Feature,Associated weight
CREB,-1.8434598677943448
NFkB,-0.8938832261968598
ERK,0.906121692666617
STAT6,0.8207081075596792
MAPKAPK2,-2.022029624505348
STAT5,0.5176101675758713
p38,2.6036105958163387
STAT3,-0.1258486022165392
S6,1.021158896678211
IkB,-0.8517805165979017
