Feature,Associated weight
p38,-0.14755652169421105
S6,-2.1340340127675203e-05
MAPKAPK2,-0.2998799299864567
