Feature,Associated weight
CREB,-0.5307012680230889
S6,1.3541728865113423
Frequency,-0.34973022460293995
