Feature,Associated weight
Frequency,-0.4853246921259058
CREB,-0.44682173192567487
NFkB,-0.061078112502086716
