Feature,Associated weight
Frequency,-0.6705941008072458
CREB,-0.5985784597363446
NFkB,-0.11966778231467123
