Feature,Associated weight
S6,1.2582395286444377
NFkB,-0.5401416001325994
Frequency,0.8403028325553005
