Feature,Associated weight
S6,1.307790241928067
NFkB,-0.5827208998469098
Frequency,0.8773991358312749
