Feature,Associated weight
CREB,1.434992825272089
S6,4.168433110434742
IkB,0.7132444320045278
NFkB,-4.6714552786488746
Frequency,4.354124089086382
