,Spearman corr,pvalue
STAT6,-0.2948173896382008,0.20700547241122197
CREB,-0.2774751902477184,0.2362383786543498
p38,-0.260132990857236,0.268013467258769
Frequency,0.2427907914667536,0.3023454554274212
NFkB,-0.1387375951238592,0.5596674186533706
MAPKAPK2,0.10405319634289441,0.6624265026477676
ERK,0.08671099695241198,0.7162313833164182
IkB,-0.0693687975619296,0.7713562200019073
STAT5,-0.0346843987809648,0.8845776882078991
S6,-0.0173421993904824,0.9421499835467455
STAT3,0.0,1.0
STAT1,,
