Feature,Associated weight
STAT3,-0.048445868945873445
Frequency,0.17320039004935994
