omic,importance
Proteomics,0.9847280598525772
GA,0.009083895974752709
CYTOF,0.006188044172670192
