Feature,Associated weight
S6,125.12594882332604
STAT3,137.10089735488933
IkB,95.5097908314013
NFkB,-85.21432378580133
MAPKAPK2,-67.82703089070527
Frequency,-19.44566109685011
