Feature,Associated weight
S6,38.86488886213084
p38,78.52770114607571
STAT3,75.27894219067248
IkB,23.09209781634929
NFkB,-81.09628461868036
MAPKAPK2,-50.44271422482146
Frequency,4.121127180017517
