Feature,Associated weight
p38,0.3657213078467375
Frequency,-0.6239381370655199
