Feature,Associated weight
STAT3,-0.11724257950866313
IkB,-1.115469461380836
MAPKAPK2,0.9436362969623154
CREB,-1.1203484120890266
STAT5,0.2798013523149888
Frequency,0.00019594338845793267
