Feature,Associated weight
NFkB,-0.8160085623086146
STAT6,0.09125174252706467
MAPKAPK2,-0.8064203331297312
STAT5,0.370960195994211
STAT3,-0.7278890378071085
S6,1.8115164500634164
IkB,-3.618049945154769
