Feature,Associated weight
CREB,-101.87543792220407
NFkB,-59.163426309227695
ERK,55.814211174798075
STAT6,12.42438179544118
MAPKAPK2,-89.65141137327979
STAT5,19.85105489863701
p38,168.02487781297756
STAT3,2.3328062086024635
S6,47.856904498740406
IkB,-36.672804842241405
