Feature,Associated weight
CREB,0.45454769345346463
STAT6,-0.2541482218564845
MAPKAPK2,0.2870043742701785
S6,0.4130399700239906
IkB,0.09644842623133784
