Feature,Associated weight
CREB,2.7376354153690383
NFkB,0.006393026166837
STAT6,-8.143089777575936
MAPKAPK2,6.5563727384943045
STAT5,-1.195604203356323
STAT3,3.2840563097808975
IkB,5.082497510409068
