Feature,Associated weight
CREB,2.728352187906869
NFkB,0.013086095713733549
STAT6,-8.167290212734986
MAPKAPK2,6.533751694764865
STAT5,-1.1776883863756114
STAT3,3.2971479728873776
IkB,5.099576736502192
