,Spearman corr,pvalue
S6,0.5549503804954368,0.011092407862489932
MAPKAPK2,-0.3988705859810952,0.08149251949014447
p38,0.22941573387056172,0.3305649312781844
STAT5,-0.20810639268578882,0.3786152471949078
IkB,0.1907641932953064,0.42045602297364715
STAT3,0.08737040566610378,0.7141599074398173
Frequency,0.0693687975619296,0.7713562200019073
NFkB,0.052026598171447204,0.827557337051562
ERK,-0.052026598171447204,0.827557337051562
STAT6,0.0173421993904824,0.9421499835467455
CREB,0.0,1.0
STAT1,,
