Feature,Associated weight
CREB,-0.5662885556367697
Frequency,0.5078594650613678
