Feature,Associated weight
STAT3,-1.9743298778269458
S6,2.8116375317499407
