Feature,Associated weight
CREB,-1.5717302793572274
STAT3,-0.9054551351789304
S6,0.12724351080657062
IkB,1.799346062848072
NFkB,-0.33255700179578174
