Feature,Associated weight
STAT5,-0.42601266007314287
Frequency,-0.3331675252969581
