Feature,Associated weight
S6,0.12023286135854312
Frequency,0.41843716733910796
