Feature,Associated weight
CREB,-0.6477400740587249
STAT3,0.4737981717781363
S6,0.7447791015480161
Frequency,1.9694811733038557
