Feature,Associated weight
S6,0.47162562497856514
Frequency,1.8311894718577775
