Feature,Associated weight
CREB,-3.697035025316022
MAPKAPK2,-0.512124067852325
STAT3,0.15551187806897823
S6,5.233339261651338
Frequency,-0.2232454041391017
