Feature,Associated weight
CREB,0.10882778487637708
NFkB,0.052530644376253134
Frequency,0.21194209926983065
