Feature,Associated weight
CREB,-1.4572205696800218
STAT3,-1.054475353909177
IkB,4.145840020012869
MAPKAPK2,-4.146615265058462
Frequency,0.5800400915693239
