Feature,Associated weight
CREB,-0.9614578975521553
STAT3,-0.7498661843348132
