Feature,Associated weight
S6,0.3260442685820062
Frequency,0.09128880286929947
