Feature,Associated weight
S6,0.5641594682349643
Frequency,0.03355115506604918
