Feature,Associated weight
CREB,0.14912019554957637
STAT3,-0.12456258376294689
S6,0.4413009532010853
IkB,-0.419014242132844
Frequency,1.7074369416120942
