Feature,Associated weight
CREB,-0.1926432868488506
Frequency,2.1563622255638073
