Feature,Associated weight
CREB,-0.8873890381848616
S6,-1.3891182511512117
NFkB,-1.820427283428498
MAPKAPK2,2.704272344679357
Frequency,0.29848707706062916
