Feature,Associated weight
NFkB,-1.0313600849749585
MAPKAPK2,0.21241158615405212
Frequency,0.24348040495837303
