Feature,Associated weight
p38,4.442676114912045
S6,1.8492174506475476
MAPKAPK2,-7.1552823555615035
