Feature,Associated weight
CREB,6.554319231489832
ERK,-2.8718388339413927
STAT6,-17.21380649043074
MAPKAPK2,13.10662597342469
STAT5,-4.824253087711324
STAT3,8.656106633379212
S6,-3.699073720275012
IkB,11.67628130044553
