Feature,Associated weight
CREB,26.418251492308784
STAT6,-38.61680061933341
MAPKAPK2,25.843116955847837
STAT5,-13.11491053586334
STAT3,17.72017392576604
S6,-10.151461410623718
