Feature,Associated weight
CREB,1.4887628497757484
MAPKAPK2,2.277076405098477
S6,3.2550212468957804
