Feature,Associated weight
Frequency,0.5152484730364099
CREB,-0.2128431868111692
NFkB,-0.17173373824394084
