Feature,Associated weight
Frequency,8.265847215263582
CREB,-0.7083799971260947
IkB,1.4988703720194914
NFkB,-1.923616727295259
STAT6,0.7754874326830969
