Feature,Associated weight
Frequency,10.526891690974045
CREB,-0.8672138672381597
IkB,1.933653308253187
NFkB,-2.5801337057921
STAT6,1.1924788362127006
