Feature,Associated weight
STAT3,-0.15586329264515017
NFkB,-0.4345156160316285
