Feature,Associated weight
CREB,-0.3372415516474374
STAT3,-0.30525547749871573
