Feature,Associated weight
CREB,-0.303710375426751
STAT3,-0.24452471949213403
