Feature,Associated weight
CREB,-2.1331041068806025
IkB,0.5914599276317182
