Feature,Associated weight
STAT5,-0.11513461966519631
STAT3,-0.06735214673256291
IkB,0.31744014890204925
Frequency,-0.7480018041281729
