Feature,Associated weight
STAT5,-0.039472856972523195
STAT3,-0.00038756635913215804
IkB,0.2660647164966933
Frequency,-0.7562918165321636
