Feature,Associated weight
STAT5,-0.030373271386342816
IkB,0.24380668336863176
Frequency,-0.73719453345681
