,Spearman corr,pvalue
NFkB,-0.3988705859810952,0.08149251949014447
S6,-0.3815283865906128,0.09694244809397427
CREB,-0.2774751902477184,0.2362383786543498
p38,-0.2356659957194961,0.31718986141345995
MAPKAPK2,-0.1387375951238592,0.5596674186533706
IkB,-0.1213953957333768,0.6101689948464966
STAT6,-0.1213953957333768,0.6101689948464966
Frequency,0.1213953957333768,0.6101689948464966
STAT3,-0.08737040566610378,0.7141599074398173
ERK,-0.0346843987809648,0.8845776882078991
STAT5,0.0,1.0
STAT1,,
