Feature,Associated weight
Frequency,-0.5899927532112165
CREB,-0.5423837497079387
NFkB,-0.08129293978053834
