Feature,Associated weight
STAT3,-0.06431752797637749
MAPKAPK2,0.18642440448980135
CREB,-1.270662309368786
STAT5,0.4454747283800315
Frequency,0.10963895788469627
