Feature,Associated weight
Frequency,5.0021501839110485
CREB,8.236817670005683
p38,-1.155494390981032
STAT3,2.710781777393395
S6,10.752055984998773
IkB,4.949775465089644
NFkB,-14.930590592271566
ERK,-8.549052005578517
MAPKAPK2,-3.166590820204707
