Feature,Associated weight
Frequency,257.84862834917567
STAT3,178.96764759040363
S6,769.4923884211593
NFkB,-604.0857072131524
ERK,-471.71265366959176
