omic,importance
GA,0.5755652180334595
Proteomics,0.2912545393352265
CYTOF,0.133180242631314
