,Spearman corr,pvalue
NFkB,-0.45089718415254243,0.04600809554004641
S6,-0.43355498476205995,0.056166935591136946
p38,-0.29629749879505873,0.20462721102454642
CREB,-0.20810639268578882,0.3786152471949078
ERK,0.1907641932953064,0.42045602297364715
STAT3,-0.1213953957333768,0.6101689948464966
STAT5,0.08671099695241198,0.7162313833164182
MAPKAPK2,0.0693687975619296,0.7713562200019073
Frequency,-0.0693687975619296,0.7713562200019073
STAT6,-0.0346843987809648,0.8845776882078991
IkB,0.0,1.0
STAT1,,
