Feature,Associated weight
CREB,0.2351478093514088
p38,-46.493652301399244
STAT3,-0.06929833357038394
IkB,0.7069302491328894
NFkB,-0.6411340483995008
STAT6,0.10192231682115493
Frequency,-0.1226759978762204
