Feature,Associated weight
S6,0.29556018298864994
IkB,0.20313052093633518
