Feature,Associated weight
CREB,-1.100745453386297
STAT3,-0.5778448237397442
S6,1.0396913777519277
IkB,-0.5370491023049456
Frequency,0.09934857006673158
