Feature,Associated weight
p38,6.408062254476358
S6,2.56402105997195
MAPKAPK2,-9.620100044279859
