Feature,Associated weight
p38,4.4732559089874595
S6,1.8591306146574509
MAPKAPK2,-7.191744844187909
