Feature,Associated weight
CREB,-0.6498570646388372
IkB,-0.10103016431645313
NFkB,0.22762192154731078
Frequency,0.5444387664136634
