Feature,Associated weight
STAT3,0.027955057276023203
S6,0.43828063811028356
