Feature,Associated weight
STAT6,4.487767947916417
CREB,-5.9398297986781055
STAT5,-5.871067481175518
STAT3,1.7899884480249257
S6,10.410569614779613
