Feature,Associated weight
S6,2.9895930638758728
Frequency,-0.7528443959519319
