Feature,Associated weight
STAT3,-0.8228386142683073
S6,1.3212512241126018
IkB,1.1366124690369612
CREB,-0.1456267605896102
