Feature,Associated weight
STAT3,-2.8385358845247732
S6,2.518465226661918
IkB,3.056160123143606
CREB,-0.8988315280445559
