Feature,Associated weight
S6,0.33335421968159645
IkB,0.2828564768254346
