Feature,Associated weight
Frequency,-0.30083464778015734
CREB,-0.17892051659041627
STAT3,0.2237557728004137
S6,1.0485522239332017
IkB,0.5555989203481979
