Feature,Associated weight
p38,0.23514007345932
IkB,0.08894122282298897
Frequency,-0.5169274937168333
