Feature,Associated weight
p38,0.4112963557778187
Frequency,-0.6724144154549173
