Feature,Associated weight
STAT5,-0.02707883124666946
p38,3.945759462461212
STAT3,0.015011042849237061
NFkB,0.7453229996406674
MAPKAPK2,-0.40449055447619103
Frequency,-1.8297263537260984
