Feature,Associated weight
STAT5,-0.1853765027488854
STAT3,-0.20604526745968768
NFkB,1.4106023863413089
Frequency,-1.8799773961291504
