Feature,Associated weight
STAT5,-0.2427982905753474
Frequency,-0.86714610716426
