Feature,Associated weight
CREB,-1.3449135054176904
p38,8.951445270247882
STAT3,-4.7876689553038245
IkB,-3.6075588538807972
NFkB,4.066342156460829
STAT6,-1.2017678192093493
MAPKAPK2,-1.8479525693459555
Frequency,-0.19549560197892996
