Feature,Associated weight
STAT3,-0.1513781034226156
S6,-0.2415592037089672
