Feature,Associated weight
CREB,0.4651717953918191
STAT3,-0.09354709357608394
S6,0.1513234818927478
IkB,0.9700546463771069
NFkB,-2.173813077625745
Frequency,-0.3105278951118756
