Feature,Associated weight
CREB,0.8625186636774265
p38,-3.9175276688525438
STAT3,0.4779595083898833
S6,0.3173702732260338
IkB,0.9113846842518097
NFkB,-4.101733282040126
MAPKAPK2,2.5048469437470042
Frequency,-0.3349214044050223
