Feature,Associated weight
CREB,0.161832128672616
STAT3,-2.0929116358591218
IkB,0.041152326051193254
NFkB,-0.7635927565533082
STAT6,2.1816876691613385
Frequency,-1.3525999073174635
