Feature,Associated weight
CREB,0.08665485997326765
STAT3,-2.0656075090232178
NFkB,-0.6616373701804575
STAT6,2.141031390674254
Frequency,-1.058118809391815
