Feature,Associated weight
CREB,0.08739111999777614
STAT3,-2.082440310288613
NFkB,-0.6656400703683325
STAT6,2.150816179913588
Frequency,-1.0651723457188063
