Feature,Associated weight
CREB,0.1910817621837896
STAT5,1.6228726044320743
STAT3,-7.6994264689178555
IkB,-0.6125407352070538
NFkB,-1.3284617390102262
STAT6,3.9780764012861742
Frequency,-6.724515852317567
