Feature,Associated weight
CREB,-0.5023377158228104
STAT5,-3.9554351790190267
S6,11.298990005376837
IkB,2.4019803089656335
ERK,-5.069749198607274
STAT6,5.629273381909827
