Feature,Associated weight
CREB,-30.50434978271414
STAT5,-15.588409559230975
p38,40.20256047820168
STAT3,-65.770003189746
S6,142.2914604986127
IkB,79.5236568073965
NFkB,-82.89116937714641
ERK,-73.28397648226549
STAT6,79.43550042120864
