Feature,Associated weight
CREB,-0.21173779018974614
STAT5,-0.05899562475115451
STAT3,-0.7440988974360824
IkB,0.9903835982258241
NFkB,-0.7143856958434622
STAT6,0.6238289512794565
MAPKAPK2,0.9431213076664313
Frequency,-6.661981257778396
