Feature,Associated weight
CREB,-1.0004953065858004
STAT5,-0.22325620157236714
STAT3,-0.441402910837604
NFkB,-0.012248451247735558
STAT6,0.8282230864700431
MAPKAPK2,1.7284507940911231
