Feature,Associated weight
STAT5,0.05237291404205229
STAT3,-0.5173934230445608
NFkB,-0.44217766722701535
STAT6,0.6480310908399215
MAPKAPK2,1.5086684998327777
Frequency,-5.570593688363908
