Feature,Associated weight
STAT3,-2.96345239754188
S6,2.5350831735024624
IkB,3.164727086188411
MAPKAPK2,-1.4702328150168003
CREB,-0.48002072962646997
Frequency,0.840334103096192
