Feature,Associated weight
STAT3,-0.6799545078966386
S6,0.37327792240964336
IkB,0.5977401180640299
NFkB,-0.06648287702251984
