Feature,Associated weight
STAT3,-0.36164834838955484
S6,0.42565243918116413
