Feature,Associated weight
Frequency,-0.3219647116212264
CREB,-0.3628834470448099
STAT3,-0.954068255918928
S6,1.3426765061096435
NFkB,-0.3287416863992786
