Feature,Associated weight
Frequency,-0.37710718552784545
CREB,-0.44354722914121975
STAT3,-1.5197450612101222
S6,2.0239460627568784
NFkB,-0.3604824996812911
