Feature,Associated weight
Frequency,-0.3742539659316371
CREB,-0.4418368234115807
STAT3,-1.5123888397119103
S6,2.0167739197868984
NFkB,-0.3578205114260738
