Feature,Associated weight
Frequency,-0.7213500281194178
CREB,-0.5722891301519661
STAT3,-2.4604637112913252
S6,2.8477347584235453
NFkB,-0.7356031150810278
