Feature,Associated weight
p38,5.607848493553529
STAT3,-0.09713371979419202
IkB,4.338822165865341
NFkB,-0.09868295081578086
MAPKAPK2,-6.006570999358474
Frequency,-0.13408658386182046
