Feature,Associated weight
S6,0.5133464801817264
IkB,-0.2908521451180535
Frequency,0.11424004286025859
