,Spearman corr,pvalue
IkB,-0.2948173896382008,0.20700547241122197
CREB,-0.260132990857236,0.268013467258769
STAT6,-0.2108590488016544,0.3721974356474468
ERK,0.19332490107204858,0.4141268661341132
MAPKAPK2,-0.10405319634289441,0.6624265026477676
STAT5,0.08671099695241198,0.7162313833164182
S6,0.08671099695241198,0.7162313833164182
STAT3,-0.056949479745149946,0.8115090138317329
Frequency,-0.0173421993904824,0.9421499835467455
p38,-0.016643566632465155,0.9444769651455183
NFkB,0.0,1.0
STAT1,,
