,Spearman corr,pvalue
NFkB,-0.520265981714472,0.018692511424373982
CREB,-0.260132990857236,0.268013467258769
S6,-0.2427907914667536,0.3023454554274212
p38,-0.22941573387056172,0.3305649312781844
IkB,-0.22544859207627121,0.3392245168854384
STAT6,0.0693687975619296,0.7713562200019073
STAT5,0.0346843987809648,0.8845776882078991
STAT3,-0.0346843987809648,0.8845776882078991
ERK,0.0346843987809648,0.8845776882078991
MAPKAPK2,-0.0346843987809648,0.8845776882078991
Frequency,0.0,1.0
STAT1,,
