,Spearman corr,pvalue
ERK,-0.581182210218786,0.007199333096841956
S6,0.41621278537157763,0.06794714904706994
STAT3,-0.3328713326493031,0.15155241782202525
STAT5,-0.3121595890286832,0.18027688594970007
STAT6,-0.22941573387056172,0.3305649312781844
IkB,-0.1560797945143416,0.5111092083782216
MAPKAPK2,0.1560797945143416,0.5111092083782216
Frequency,0.0693687975619296,0.7713562200019073
CREB,-0.052026598171447204,0.827557337051562
NFkB,0.0173421993904824,0.9421499835467455
p38,,
STAT1,,
