,Spearman corr,pvalue
ERK,-0.5766446773962851,0.007777774288343084
STAT3,-0.4961389383568338,0.026086843287670143
S6,0.43355498476205995,0.056166935591136946
CREB,-0.36418618720013046,0.1144293688420575
STAT5,-0.3468439878096479,0.13407612120334217
Frequency,-0.3295017884191656,0.1559933352870714
NFkB,-0.2427907914667536,0.3023454554274212
p38,-0.22941573387056172,0.3305649312781844
MAPKAPK2,0.1387375951238592,0.5596674186533706
IkB,-0.0693687975619296,0.7713562200019073
STAT1,,
STAT6,,
