Feature,Associated weight
STAT6,2.3023575956814355
MAPKAPK2,1.1127891297242403
NFkB,-4.063206476031409
CREB,1.4349237127582506
Frequency,3.7000728022129143
