ID,pred
003_25_A,-59.926908102408774
003_30_B,-32.12033548869073
003_32_C,-38.767576448823654
005_25_A,-47.79881264480035
005_29_B,-37.45397860358021
005_32_C,-26.556433466352722
008_28_A,-76.75615209361003
008_32_B,-52.34762445081791
008_33_C,-34.77281897046627
017_31_A,-57.852087926225096
017_33_B,-42.59192729526678
027_24_A,-89.7372500158254
027_28_B,-44.27840704041817
027_32_C,-38.28476390553727
