Feature,Associated weight
CREB,-0.6457917857970583
STAT3,-1.0988131753770898
S6,1.9578081525840347
IkB,1.0822444860281126
Frequency,0.4416862381090155
