Feature,Associated weight
STAT5,-0.2600224046195075
Frequency,-0.03649941880625133
