Feature,Associated weight
CREB,1.5861909254305102
STAT5,-1.3323301765806639
STAT3,0.9257611439583805
S6,2.0080238363443277
NFkB,-3.4149066438833144
ERK,-0.3176411367611257
STAT6,2.535583040154221
MAPKAPK2,0.5248516204136277
