Feature,Associated weight
S6,1.2660580690403618
NFkB,-0.9496262433109487
