Feature,Associated weight
CREB,42.88132889494638
STAT5,-58.37050023226642
STAT3,39.4345837333485
S6,48.03845875034822
IkB,-7.883516100623821
NFkB,-109.8853501305289
ERK,-6.82536595539705
STAT6,84.84378103696314
MAPKAPK2,39.632761095026055
