Feature,Associated weight
CREB,-2.60205948242065
p38,5.149072680557784
STAT3,0.5126601627505907
S6,1.747525537737798
NFkB,-7.72251281072303
ERK,-3.6770785726501565
Frequency,-1.412758748970308
