Feature,Associated weight
CREB,-1.1807913057050514
STAT3,-0.369986215800812
S6,0.8245648025874602
ERK,0.05089526109688689
Frequency,-2.156810104977696
