Feature,Associated weight
NFkB,-0.3207630126527576
Frequency,-0.6148147617687456
