Feature,Associated weight
CREB,-1.0842154850264218
p38,-0.14011636484935414
Frequency,1.201939469954282
