Feature,Associated weight
CREB,-1.545688266705831
Frequency,1.5897071338252147
