Feature,Associated weight
CREB,-1.6527992967495817
IkB,0.17220327377164737
Frequency,1.633810102722983
