Feature,Associated weight
CREB,-1.6508702448326291
p38,-1418.3335600571568
IkB,2.1013534160830165
Frequency,1.392947222971873
