Feature,Associated weight
CREB,-0.3115674123093928
NFkB,-0.3952738174859209
ERK,-0.04457636199440739
Frequency,-0.3936103247868268
