Feature,Associated weight
CREB,-26.182531781856458
p38,23.63440778100845
STAT3,6.882353468249817
S6,6.6312280121925795
IkB,21.051784583944467
NFkB,-44.86054607270077
ERK,-0.7310802921847579
MAPKAPK2,2.5865828298249243
Frequency,-6.749648150165546
