Feature,Associated weight
CREB,-0.6463342196373819
STAT3,0.17669141445704212
S6,3.9460018303505593
NFkB,-11.552293062716762
ERK,-1.446673434737607
Frequency,-1.5911771544158269
