Feature,Associated weight
STAT3,0.9878565966372461
S6,0.9537601642005948
NFkB,-5.549671925216816
Frequency,-0.9156850569894297
