Feature,Associated weight
STAT5,-1.5157270356253554
STAT3,-0.3546772233664694
IkB,-0.7382261903753216
NFkB,0.2788755251821607
STAT6,1.8348299142210125
Frequency,-0.07575265326778169
