,Spearman corr,pvalue
NFkB,-0.36418618720013046,0.1144293688420575
p38,-0.2774751902477184,0.2362383786543498
CREB,-0.2427907914667536,0.3023454554274212
STAT6,-0.22544859207627121,0.3392245168854384
Frequency,-0.20810639268578882,0.3786152471949078
S6,-0.1560797945143416,0.5111092083782216
ERK,-0.1213953957333768,0.6101689948464966
IkB,-0.10405319634289441,0.6624265026477676
STAT3,0.052026598171447204,0.827557337051562
STAT5,0.0346843987809648,0.8845776882078991
MAPKAPK2,0.0,1.0
STAT1,,
