,Spearman corr,pvalue
NFkB,-0.3815283865906128,0.09694244809397427
p38,-0.316227766016838,0.17436348839887034
IkB,-0.2427907914667536,0.3023454554274212
STAT6,-0.22941573387056172,0.3305649312781844
CREB,-0.22544859207627121,0.3392245168854384
S6,-0.22544859207627121,0.3392245168854384
STAT5,-0.1560797945143416,0.5111092083782216
ERK,0.08737040566610378,0.7141599074398173
Frequency,-0.0693687975619296,0.7713562200019073
MAPKAPK2,-0.0173421993904824,0.9421499835467455
STAT3,0.0,1.0
STAT1,,
