Feature,Associated weight
CREB,0.7792945892468204
STAT5,-0.4463199387132171
NFkB,0.3023515712049982
MAPKAPK2,-6.204184502277013
STAT3,0.1645581158273606
IkB,5.805672210276996
Frequency,1.1726943361760618
