Feature,Associated weight
CREB,-0.3223754116733672
STAT3,0.3686140750695985
S6,3.292740765249812
IkB,0.5709627923382361
NFkB,-2.4294963092611206
