Feature,Associated weight
CREB,-0.7171212750873923
p38,-0.19476571823265706
Frequency,0.8658835193882313
