Feature,Associated weight
STAT5,-1.0834395690550227
STAT3,-0.9481127944011767
S6,2.8781087175485065
IkB,1.4471663053818025
NFkB,-0.3164003135004877
ERK,-2.5206149538827485
STAT6,3.3721689155305374
