Feature,Associated weight
STAT5,-2.0912199363230304
STAT3,-2.250515210061456
S6,7.429561206353446
IkB,4.854295553880148
NFkB,-1.608046278879792
ERK,-6.464279030673773
STAT6,7.505055350207507
