Feature,Associated weight
STAT5,-0.8481021429727558
STAT3,-0.26115712988508255
NFkB,0.2631655672414727
Frequency,-0.9141386496223719
