Feature,Associated weight
STAT5,-0.862267744519373
NFkB,0.17492582273190552
Frequency,-0.7333047523594363
