Feature,Associated weight
Frequency,1.5779444543103516
CREB,-0.5682912307785419
STAT3,-0.5673643593232491
S6,2.115488926566801
IkB,-0.2369480877981789
ERK,-0.9659195979812186
