Feature,Associated weight
Frequency,0.6545742073738937
S6,1.718686671246829
