Feature,Associated weight
CREB,-0.3809099331861125
STAT3,-0.3171361755380221
MAPKAPK2,-0.05962605096820731
