Feature,Associated weight
CREB,-0.38289524769885713
STAT3,-0.27726673299517546
