Feature,Associated weight
CREB,-0.7795806761321892
STAT3,-0.5824099044273237
MAPKAPK2,-2.443080001420269
Frequency,0.45527606326342146
