Feature,Associated weight
MAPKAPK2,-0.14009717587690768
NFkB,-0.09035953883827293
S6,0.12485348919210952
Frequency,-0.3197210997890647
