Feature,Associated weight
MAPKAPK2,-216.23663472738312
NFkB,166.50231280646278
CREB,-132.0389859872757
STAT3,-328.9182831471636
S6,207.7315260522936
IkB,356.77612964871554
Frequency,-83.44367300106639
