Feature,Associated weight
MAPKAPK2,-15.8225258005592
NFkB,11.787581959733203
STAT3,-5.3201786103105775
S6,3.401830451691644
Frequency,-2.5835617354421263
