Feature,Associated weight
CREB,-0.8171701949556783
IkB,-0.22638824627414622
NFkB,0.44922727319679173
STAT6,0.043625977528903306
Frequency,0.34676687111067583
