Feature,Associated weight
CREB,-0.6617074552946441
Frequency,0.3315221590568646
