Feature,Associated weight
CREB,0.0412548214063553
STAT3,-0.3506673961293384
S6,0.9966029253321641
Frequency,0.7851576351921457
