Feature,Associated weight
CREB,-0.07507353034815037
STAT3,-0.7148982753168676
S6,2.862938307629377
NFkB,-1.2195638238849216
Frequency,2.132588462067048
