Feature,Associated weight
CREB,-0.08403678819802923
STAT3,-0.7311677520094957
S6,2.8930423185371676
NFkB,-1.2285821996854867
Frequency,2.1605692330505732
