Feature,Associated weight
STAT3,-10.675355151861508
S6,10.167837949725824
Frequency,13.991629342931262
