Feature,Associated weight
Frequency,8.270883810713041
CREB,-0.708745422119766
IkB,1.4998294000454593
NFkB,-1.9248735230954175
STAT6,0.7762979488639594
