Feature,Associated weight
Frequency,6.624213755207157
CREB,-0.7749787516333269
