Feature,Associated weight
CREB,-1.0835099748042425
p38,4.967115574316347
STAT3,-2.595685249396234
IkB,-1.5967906434702623
NFkB,2.2731719298675936
STAT6,-0.6232643717396998
MAPKAPK2,-1.5651216195881228
Frequency,0.11594351723242907
