Feature,Associated weight
CREB,-1.3451031479157989
p38,8.953763491680151
STAT3,-4.789171363230335
IkB,-3.608826445825193
NFkB,4.06774570788644
STAT6,-1.2023000612760122
MAPKAPK2,-1.8481215447179673
Frequency,-0.19555301378080872
