Feature,Associated weight
NFkB,1.3438691795622242
Frequency,-4.1034301043407275
STAT5,0.6426608095159919
STAT3,0.645558565810615
IkB,0.7666830641737973
