Feature,Associated weight
CREB,1.7064104999193537
STAT5,-14.303564136713913
STAT3,13.11120849108686
S6,9.65709096049494
IkB,1.3816402911270578
NFkB,-18.361138585257205
ERK,-0.7134784874358724
STAT6,12.078251112751312
MAPKAPK2,5.95407585228019
