Feature,Associated weight
CREB,1.7072035539461088
STAT5,-14.328341436862132
STAT3,13.13699409930946
S6,9.672753796341528
IkB,1.3826970007491626
NFkB,-18.390880123820992
ERK,-0.7158023071812418
STAT6,12.095631296164319
MAPKAPK2,5.965064633885313
