Feature,Associated weight
CREB,-2.4448626755270473
p38,2.376297746587532
STAT3,-0.423900493384823
S6,2.1275194717204253
IkB,0.4427334400537009
NFkB,-3.2062358557918107
ERK,-0.923102191815399
Frequency,0.5336030111452018
