Feature,Associated weight
S6,0.18377805028700667
Frequency,-0.13712443551177864
