Feature,Associated weight
MAPKAPK2,-1.6339609987239958
CREB,0.1485149092237624
STAT3,0.6974576727169507
S6,1.1698480649100609
IkB,0.0519569263615148
Frequency,-0.9730930703285552
