Feature,Associated weight
CREB,-0.3894625486846508
Frequency,0.2834883702347778
