,Spearman corr,pvalue
GA,0.9269810883994856,7.11706191129687e-74
