Feature,Associated weight
STAT3,-0.5961221011372594
MAPKAPK2,-0.09449515444329601
Frequency,-0.6361548904927037
