Feature,Associated weight
STAT3,-0.6328557853655908
Frequency,-0.7259821387600833
