Feature,Associated weight
STAT3,-0.6401321147599891
Frequency,-0.7356044836538752
