Feature,Associated weight
STAT3,-1.9379440202361098
IkB,4.698176137880347
MAPKAPK2,-4.220937690033847
Frequency,-1.447314066995052
