Feature,Associated weight
STAT3,-0.9098586808339514
Frequency,-1.1235653973115238
