Feature,Associated weight
CREB,-0.8352008447119014
STAT3,0.576584058538353
S6,1.7903125977693932
IkB,-0.05894027373810111
Frequency,0.20916499202336597
