Feature,Associated weight
STAT3,0.5157158480743143
S6,1.6436732949969441
Frequency,0.26502657080035685
