Feature,Associated weight
STAT5,-0.5861669046786029
STAT3,0.06979916525728731
IkB,-5.084663821881361
MAPKAPK2,4.435349406072899
Frequency,-0.4060718698962686
