Feature,Associated weight
STAT5,-0.2077868855562674
STAT3,-0.40850578061415826
IkB,-0.8426961822023131
Frequency,-0.11170564796151836
