Feature,Associated weight
STAT5,-0.1227572821024172
STAT3,-0.43720096948508297
Frequency,-0.05473632480356603
