Feature,Associated weight
CREB,-0.6144430180562078
STAT5,0.7168697261757696
p38,1.133108536816712
STAT3,-0.41541121930782887
S6,2.4949217841194966
IkB,-1.5725125701930445
NFkB,1.7554793550515155
ERK,-0.16622085821540453
STAT6,-1.2140652733461703
MAPKAPK2,-0.9003866698416372
