Feature,Associated weight
NFkB,-0.7195078822132892
STAT6,4.852736045611417
CREB,-5.227127938722154
STAT5,-5.731527727324674
STAT3,1.9849496258605452
S6,10.799919904065272
IkB,-0.5990080320903711
