Feature,Associated weight
CREB,-0.5625315330749039
Frequency,0.5673404648175565
