Feature,Associated weight
NFkB,0.08812399247177605
Frequency,0.20321119513489097
