,Spearman corr,pvalue
MAPKAPK2,-0.6361552378075955,0.0025676818933776505
S6,0.5549503804954368,0.011092407862489932
Frequency,0.520265981714472,0.018692511424373982
NFkB,-0.39417915604785636,0.08547844672552975
IkB,-0.22544859207627121,0.3392245168854384
p38,-0.19148542155126763,0.41866817541809853
CREB,-0.17342199390482396,0.4646587776970642
STAT5,0.0693687975619296,0.7713562200019073
STAT3,0.052026598171447204,0.827557337051562
STAT1,,
ERK,,
STAT6,,
