ID,pred
003_25_A,-73.36338899859601
003_30_B,-40.953334208553756
003_32_C,-23.96041719554824
005_25_A,-91.58908620150817
005_29_B,-69.02485244421132
005_32_C,-51.87513626897536
008_28_A,-50.615091620435265
008_32_B,-26.768282936028243
008_33_C,-66.48134017276635
017_31_A,-58.60868950838978
017_33_B,-41.620891487763245
027_24_A,-88.02275605479322
027_28_B,-76.1472800852832
027_32_C,-51.16617211844213
