Feature,Associated weight
Granulocytes_CREB_GMCSF,0.8033913013682514
Granulocytes_STAT1_IFNa,0.060268973759416866
Bcells,-0.10525611554857156
Granulocytes,-1.0400327917073204
Angiopoietin.2,-4.988492590757004
Siglec.6,3.915543681326692
Activin.A,4.661388027306036
IL.1.R4,5.477392502784307
SLPI,4.5704881164295434
MMP.12,-4.436220051077667
PLXB2,-1.3740694411889898
X349.2371_7.5,5.274975101796377
X443.208_8.4,8.753210057150032
