Feature,Associated weight
Granulocytes_CREB_GMCSF,1.605393431978426
Granulocytes_STAT1_IFNa,0.13502903966853097
Bcells,0.14465810701524767
Granulocytes,0.17246532272335147
Angiopoietin.2,-4.615272240949857
Siglec.6,6.420907353723491
Activin.A,6.4971973225370645
IL.1.R4,8.536101149882708
SLPI,4.736647833922567
MMP.12,-5.4384045256857565
PLXB2,4.5802069199572575
