Feature,Associated weight
IkB,0.3507084879744973
NFkB,-0.24173605794139172
Frequency,0.4737104204270696
