Feature,Associated weight
p38,0.00739926130838174
S6,0.6524794891833611
