Feature,Associated weight
STAT5,0.8167692140355557
STAT3,-0.5053363492766095
S6,2.4946693476002566
IkB,-1.869823641969411
NFkB,2.3798797187641036
STAT6,-1.5507060282902332
MAPKAPK2,-0.4885929527368375
