Feature,Associated weight
CREB,-0.4851635164863371
STAT5,-0.2251068511529515
STAT3,-1.5203060443439982
IkB,0.7407206971421879
NFkB,-0.5818081811044817
Frequency,-0.05581463185537907
