Feature,Associated weight
CREB,-0.6756207561557065
STAT5,-0.448707771317958
