Feature,Associated weight
CREB,0.3605760324686952
STAT5,-0.21347555063380902
NFkB,1.739615466985819
MAPKAPK2,-1.4459974280374603
STAT3,-0.2233543635851953
Frequency,0.8488026760312392
