Feature,Associated weight
STAT5,-0.9267258934513452
STAT3,-0.02150091081023326
S6,0.5482891523010499
NFkB,0.022912631499388922
STAT6,0.7972042610910866
Frequency,-0.46653684412310636
