Feature,Associated weight
STAT5,-1.506424259198086
S6,0.42270161832476555
STAT6,1.357862869196322
Frequency,-0.696628148114169
