Feature,Associated weight
STAT5,-1.46857074016694
S6,0.4241649649813562
STAT6,1.3180456121230975
Frequency,-0.6783248117502868
