Feature,Associated weight
STAT5,-2.4684512020269858
STAT6,2.4392434745276494
