Feature,Associated weight
STAT5,-3.4639061932395423
STAT3,-0.8562620980963072
S6,1.426274429430695
NFkB,0.9068192982046556
STAT6,4.453744558160245
