Feature,Associated weight
STAT5,-6.789786511249618
STAT3,-0.5403421427595607
S6,0.8142285806608073
IkB,0.40598870267103493
NFkB,1.366928991389312
STAT6,7.382472356214734
Frequency,-8.295109966159618
