Feature,Associated weight
STAT5,-0.2784634024560817
STAT3,-0.2609060762894257
NFkB,0.6372372664301075
MAPKAPK2,-0.2631457930505662
Frequency,-0.2293840761696587
