Feature,Associated weight
STAT5,-0.880999360040426
CREB,7.13701535620898
STAT3,0.01248067517152674
IkB,6.456457575484899
NFkB,-1.4840242929676297
MAPKAPK2,-11.827861849743396
Frequency,-0.4037474804019709
