Feature,Associated weight
S6,0.5001997893530479
IkB,-0.33481208625121184
Frequency,0.1627814576925266
