Feature,Associated weight
STAT3,-0.5231820235530973
IkB,-0.7754563181614084
NFkB,-0.3460049638947052
CREB,-0.49169794739690154
MAPKAPK2,1.3789750679192718
