Feature,Associated weight
p38,0.04091406836497568
STAT6,0.06696479825798476
