Feature,Associated weight
STAT5,42.86206870264192
p38,1577.032057207468
STAT3,-2.297827151051489
IkB,-149.52893215008794
NFkB,-42.165614231515555
ERK,-22.06818902060753
STAT6,20.1259292445794
MAPKAPK2,-60.75253071415738
Frequency,-196.88433664123912
