Feature,Associated weight
p38,304.26090409495833
NFkB,-0.7488454422699384
ERK,0.3425327791909137
STAT6,0.7523606221121937
Frequency,-11.76592313929289
