Feature,Associated weight
CREB,-0.26224936963193185
STAT3,0.5354385761043231
S6,1.2379743645513355
IkB,-0.25306449469753645
Frequency,0.012134304589326229
