Feature,Associated weight
CREB,1.0833115739809107
STAT3,2.5064905739803347
S6,3.24330160560454
IkB,3.861476346685762
NFkB,-5.595111885517858
