,Spearman corr,pvalue
IkB,0.41621278537157763,0.06794714904706994
S6,0.3815283865906128,0.09694244809397427
NFkB,-0.36418618720013046,0.1144293688420575
p38,0.27794463276724773,0.2354137065100084
STAT6,-0.2271630547318699,0.33546596718370425
ERK,-0.19332490107204858,0.4141268661341132
STAT3,0.1907641932953064,0.42045602297364715
STAT5,-0.052026598171447204,0.827557337051562
Frequency,0.0173421993904824,0.9421499835467455
CREB,-0.0173421993904824,0.9421499835467455
MAPKAPK2,0.0,1.0
STAT1,,
