ID,pred
003_25_A,-97.10745950649675
003_30_B,-62.8118079909557
003_32_C,-49.09354738473928
005_25_A,-97.10745950649675
005_29_B,-69.67093829406392
005_32_C,-49.09354738473928
008_28_A,-76.53006859717212
008_32_B,-49.09354738473928
008_33_C,-42.23441708163107
017_31_A,-55.95267768784749
017_33_B,-42.23441708163107
027_24_A,-103.96658980960495
027_28_B,-76.53006859717212
027_32_C,-49.09354738473928
