Feature,Associated weight
STAT5,0.0019715577340076117
CREB,-0.5870055348232558
STAT3,-0.6508703578789343
IkB,-0.17769649210696328
Frequency,-0.42352573151772005
