Feature,Associated weight
STAT5,0.08451742857851398
CREB,-0.7263021057081349
STAT3,-0.6526994000586067
Frequency,-0.3971201052886178
