omic,importance
Proteomics,0.676327771669318
CYTOF,0.323672228330682
