Feature,Associated weight
STAT5,-0.021515144467037443
STAT3,-0.0168090633078532
Frequency,-0.16037886741597798
