Feature,Associated weight
STAT5,-0.023714247027498133
STAT3,-0.0201151004379991
Frequency,-0.21698691958565045
