Feature,Associated weight
STAT5,-0.03999475534328801
STAT3,-0.03791875828928827
Frequency,-0.24158079981442793
