Feature,Associated weight
ERK,0.08617917891311185
Frequency,-0.8378811477659699
