Feature,Associated weight
STAT5,-0.7186733373988167
IkB,0.5306394911694761
NFkB,-0.05988159102800936
ERK,0.32076928009781225
Frequency,-0.9289446735304494
