Feature,Associated weight
S6,0.38969307446558665
NFkB,-0.055293594529141225
