Feature,Associated weight
Frequency,0.3213667932334798
CREB,1.0347306531911986
STAT3,2.439998888895539
S6,3.0031853526864474
IkB,3.768605715311847
NFkB,-5.3961667258496195
