Feature,Associated weight
CREB,-0.25813588219928396
STAT3,0.5316910430764805
S6,1.2330470588241529
IkB,-0.25394103907622534
Frequency,0.007921391677301002
