Feature,Associated weight
p38,1.630881749511199
IkB,-0.016796482343442505
NFkB,-1.5833980507337995
MAPKAPK2,0.6813360410717938
Frequency,-1.4650238533059
