Feature,Associated weight
NFkB,-0.6520866942965016
MAPKAPK2,0.8984406386024297
Frequency,-1.3122268267646402
