Feature,Associated weight
CREB,-0.7969218268186923
STAT3,-1.6624800247167029
S6,2.104723957088548
IkB,-0.3065455107896544
Frequency,0.699977410531445
