Feature,Associated weight
S6,0.341193997174171
IkB,0.2440129631678395
