Feature,Associated weight
S6,1.0127677577743137
MAPKAPK2,-2.991081969665111
