Feature,Associated weight
S6,0.4037087733286725
Frequency,0.06521499506347891
