Feature,Associated weight
STAT3,-0.6709742175806462
NFkB,-0.11045710560065408
CREB,0.6532875199140199
STAT5,-0.20869155309851523
Frequency,-0.49010587621163093
