Feature,Associated weight
CREB,-0.6856862096016171
p38,2.03130728070812
NFkB,0.4155982391529555
MAPKAPK2,-0.8955236551765637
Frequency,0.07299373722318575
