Feature,Associated weight
CREB,-3.665169215859149
STAT3,-0.5619328562589461
S6,4.4588634135117955
Frequency,2.119904299538272
