Feature,Associated weight
STAT3,-0.5371853520886163
Frequency,-0.31592636632429044
