Feature,Associated weight
CREB,-0.9299589703162311
IkB,-0.8175700801975231
NFkB,-0.1218763366964314
MAPKAPK2,-0.03094765040570863
Frequency,0.7370673534433745
