Feature,Associated weight
CREB,-1.216280695690493
Frequency,0.6530183098242052
