Feature,Associated weight
CREB,-0.6934641212090764
p38,-0.16078859236884116
NFkB,-0.4189723681203237
Frequency,0.48419220047218364
