Feature,Associated weight
STAT5,-0.8593913565989177
Frequency,-0.7073981543531057
