,Spearman corr,pvalue
S6,0.4855815829335072,0.02997228625973506
STAT5,-0.3121595890286832,0.18027688594970007
p38,0.22941573387056172,0.3305649312781844
ERK,0.22544859207627121,0.3392245168854384
CREB,0.1560797945143416,0.5111092083782216
IkB,-0.1387375951238592,0.5596674186533706
NFkB,-0.1387375951238592,0.5596674186533706
STAT6,0.052026598171447204,0.827557337051562
Frequency,0.0173421993904824,0.9421499835467455
STAT3,0.0,1.0
MAPKAPK2,0.0,1.0
STAT1,,
