Feature,Associated weight
STAT3,-0.08811857459594653
S6,2.0093122570745465
NFkB,-1.1851423329436246
Frequency,1.4779337347264245
