Feature,Associated weight
STAT5,-0.43376054149202725
STAT3,-0.4616485753753199
NFkB,-0.21526464111804958
Frequency,-0.41152978477393637
