Feature,Associated weight
CREB,-0.9415109570068957
STAT3,1.08004397614929
S6,1.8579076980200848
IkB,-0.15725575709827297
NFkB,-0.4020233376305688
Frequency,-0.8290227446619617
