Feature,Associated weight
STAT6,5.144663974686166
MAPKAPK2,0.34620493498426297
IkB,1.723777168466927
NFkB,-7.353313433401644
p38,2.7211464860229886
CREB,-0.9539664516970863
Frequency,4.444947742321523
