Feature,Associated weight
STAT6,5.13910387872929
MAPKAPK2,0.3461433465043825
IkB,1.7197292652348835
NFkB,-7.345672246584172
p38,2.721091284097091
CREB,-0.9530824168339076
Frequency,4.443363492506206
