Feature,Associated weight
STAT6,5.007611948691473
MAPKAPK2,0.37993971483593425
NFkB,-6.917437637297499
p38,4.196798232734861
CREB,-1.022991827737859
Frequency,5.0565714241543
