Feature,Associated weight
NFkB,-0.3249949151541221
Frequency,-0.6158489387348496
