Feature,Associated weight
NFkB,-0.3206727908416706
Frequency,-0.6147050468340945
