Feature,Associated weight
NFkB,-0.34346982769388473
Frequency,-0.6407473721136133
