Feature,Associated weight
MAPKAPK2,1.928033640304304
NFkB,-1.1835067619475659
p38,-1.6456024848695412
CREB,-0.2284102717103811
Frequency,0.17237447635056605
