Feature,Associated weight
MAPKAPK2,2.7970316018277934
NFkB,-1.4976415969285082
p38,-2.511158879677263
CREB,-0.07436571434811476
Frequency,0.02063087845894992
