Feature,Associated weight
MAPKAPK2,2.815242410516964
NFkB,-1.5033918501145358
p38,-2.529569693002646
CREB,-0.07360335578192541
Frequency,0.020652267043100123
