Feature,Associated weight
MAPKAPK2,6.794205219225242
IkB,-1.2357671142059403
NFkB,-2.3533716947996925
p38,-19.383219011583545
CREB,0.469464838562088
Frequency,-0.14200534344236818
