Feature,Associated weight
CREB,0.2362548170530699
IkB,-0.7050515634836219
