Feature,Associated weight
NFkB,0.11582214200579422
Frequency,0.12941669068843994
