Feature,Associated weight
STAT5,-0.15611090885908044
STAT3,-0.25322429661659795
Frequency,-0.809156424772852
