Feature,Associated weight
STAT5,-0.27696417380314226
STAT3,-0.12850088484241556
IkB,0.9509084493132155
NFkB,-0.21494167603068806
Frequency,-1.1908707234342277
