Feature,Associated weight
p38,1.6614733503061918
MAPKAPK2,-1.354986417053723
