Feature,Associated weight
p38,1.8055116358828758
MAPKAPK2,-1.4974989087308528
