Feature,Associated weight
STAT5,-0.2993618756534901
STAT3,0.026609174593074957
IkB,-0.8356869831268146
NFkB,0.6189521561108468
Frequency,-0.6194468520941341
