Feature,Associated weight
STAT5,-0.43243856325708513
STAT3,0.1685124344755337
IkB,-0.7884355238628498
NFkB,0.5144106943220199
