Feature,Associated weight
STAT5,-4.1823192935124025
STAT3,0.22518242956724438
S6,0.9841171953280384
IkB,2.3948516682271648
NFkB,-1.6315239622048916
MAPKAPK2,-4.6333823954561915
