Feature,Associated weight
STAT5,-5.5928401867586075
S6,0.7655051789707792
IkB,2.8577674699884414
NFkB,-1.612000568380061
MAPKAPK2,-5.265543489749467
