Feature,Associated weight
STAT5,-5.56198387429457
S6,0.7655384151824318
IkB,2.8443683762574468
NFkB,-1.6047382248326187
MAPKAPK2,-5.241517578130675
