Feature,Associated weight
CREB,4.053891984331985
STAT5,-90.11040420466705
STAT3,-4.252685808114521
S6,4.792882681964554
IkB,46.12855397967494
NFkB,-22.278056374637575
MAPKAPK2,-82.66413265022845
