Feature,Associated weight
STAT5,-86.19567290147764
STAT3,-10.69287437605094
S6,3.2346632541390923
IkB,44.74784078967356
NFkB,-16.856506735551616
MAPKAPK2,-84.26848572830005
