,Spearman corr,pvalue
STAT3,-0.5698028822981897,0.008721316687199636
S6,0.520265981714472,0.018692511424373982
Frequency,0.36418618720013046,0.1144293688420575
ERK,-0.2964742749517309,0.20434438333878138
IkB,0.2948173896382008,0.20700547241122197
MAPKAPK2,0.17342199390482396,0.4646587776970642
STAT5,-0.1560797945143416,0.5111092083782216
CREB,0.1213953957333768,0.6101689948464966
p38,0.016643566632465155,0.9444769651455183
STAT6,-0.016643566632465155,0.9444769651455183
NFkB,0.0,1.0
STAT1,,
