Feature,Associated weight
IkB,0.4749481694334703
Frequency,-0.21352948423879756
