Feature,Associated weight
S6,-0.07832679739686484
NFkB,-0.1240298320672228
