Feature,Associated weight
CREB,-0.6026134750856067
STAT3,-0.1091375099245094
Frequency,0.5078023050167169
