Feature,Associated weight
CREB,-8.180149217092579
ERK,-0.3944000891800071
MAPKAPK2,6.965338501931149
STAT3,0.6828275051455334
S6,1.2470616727291104
Frequency,0.7966925333111186
