Feature,Associated weight
STAT5,-1.0811773713811892
STAT3,-0.9445094475759969
S6,2.8675015824223853
IkB,1.439915153937496
NFkB,-0.312778224800133
ERK,-2.5125445324751405
STAT6,3.3630729940674016
