Feature,Associated weight
S6,1.3418812356512044
STAT6,0.8966569223541816
