Feature,Associated weight
Frequency,0.534543349054858
CREB,-0.3432803964890215
IkB,-0.25708085269393155
NFkB,0.3814713732928061
