Feature,Associated weight
Frequency,0.6339034018689574
CREB,-0.223789213881368
IkB,-0.007391850861844489
