Feature,Associated weight
S6,17.600301885581327
NFkB,-14.552910582198297
Frequency,-6.1503757102867755
