Feature,Associated weight
Frequency,-2.2742612780122795
CREB,-7.0447897030501645
STAT3,0.5569599220699784
S6,2.713128427839062
IkB,-2.084147921139712
NFkB,2.419068275161744
ERK,6.6009495112458865
