Feature,Associated weight
p38,4.428358485057533
STAT3,-0.8631834140607899
NFkB,-0.02490108841017803
MAPKAPK2,-1.6183252969509299
CREB,1.1689168578102351
STAT5,-0.1872632120956062
Frequency,-0.4900511729808924
